endpoint_id,stage,component,electrode,tmin_ms,tmax_ms,effect,contrast_direction,estimate_uv,se,ci95_low,ci95_high,t,df,p_value,q_bh_subset7,effect_size_type,effect_size,reported_in_supplement_s2
word_N2__k04__b000f,word,N2,P7|P8|PO7|PO5,160,240,Intercept,equal-weight grand mean,-1.8969694704108488,0.37965829618500002,-2.6569381198851536,-1.1370008209365441,-4.9965178937812356,58,5.6896932422737871e-06,,none,,False
word_N2__k04__b000f,word,N2,P7|P8|PO7|PO5,160,240,Group,high - low,0.014040620664130799,0.75931659237000004,-1.5058966782844792,1.5339779196127408,0.018491128476867302,58,0.98531051953152315,0.98531051953152315,Hedges_g,0.0047228907933109,True
word_N2__k04__b000f,word,N2,P7|P8|PO7|PO5,160,240,Compatibility,compatible - incompatible,-0.27490850255116539,0.21977649175921879,-0.714838948709695,0.16502194360736411,-1.2508549042285551,58,0.21600987414530129,0.30241382380342191,Cohen_dz_group_equal,-0.16184472921423829,True
word_N2__k04__b000f,word,N2,P7|P8|PO7|PO5,160,240,Word,positive - negative,0.52821896790516432,0.1627401354747951,0.2024591933531025,0.85397874245722605,3.2457817880271689,58,0.0019474215595495,0.0136319509168467,Cohen_dz_group_equal,0.41996291719841172,True
word_N2__k04__b000f,word,N2,P7|P8|PO7|PO5,160,240,Group_x_Compatibility,compatibility effect in high - compatibility effect in low,1.2353371034223397,0.43955298351843758,0.35547621110528049,2.1151979957393987,2.810439582354745,58,0.0067354488524200996,0.023574070983470401,Hedges_g,0.71782526660093893,True
word_N2__k04__b000f,word,N2,P7|P8|PO7|PO5,160,240,Group_x_Word,word effect in high - word effect in low,-0.47423305413236938,0.32548027094959031,-1.1257526032364931,0.17728649497175411,-1.4570254988076301,58,0.1505023235852912,0.26337906627425961,Hedges_g,-0.37214452987800889,True
word_N2__k04__b000f,word,N2,P7|P8|PO7|PO5,160,240,Compatibility_x_Word,compatibility-by-word difference-in-differences,0.078221080943649796,0.46206738080044618,-0.84670727405779789,1.0031494359450976,0.16928500948962519,58,0.86616150362334954,0.98531051953152315,Cohen_dz_group_equal,0.021903329017825102,True
word_N2__k04__b000f,word,N2,P7|P8|PO7|PO5,160,240,Group_x_Compatibility_x_Word,compatibility-by-word interaction in high - low,-1.4193701119584516,0.92413476160089236,-3.2692268219613472,0.43048659804444389,-1.5358908364183332,58,0.13000279894132349,0.26337906627425961,Hedges_g,-0.39228783142820411,True
picture_P3__k04__b008b,picture,P3,P7|P5|P8|PO4,250,400,Intercept,equal-weight grand mean,5.2667411636450723,0.4847965622404864,4.2963154087547863,6.2371669185353582,10.863817060304299,58,1.317040794320752e-15,,none,,False
picture_P3__k04__b008b,picture,P3,P7|P5|P8|PO4,250,400,Group,high - low,-0.44170767066168459,0.96959312448097279,-2.3825591804422555,1.4991438391188865,-0.45555982144379648,58,0.6504075200019398,0.6504075200019398,Hedges_g,-0.116356299681269,True
picture_P3__k04__b008b,picture,P3,P7|P5|P8|PO4,250,400,Compatibility,compatible - incompatible,0.4474952521199459,0.2148125297594988,0.017501255486888301,0.87748924875300349,2.0831897125412349,58,0.041651907824943997,0.058312670954921701,Cohen_dz_group_equal,0.26953827641268863,True
picture_P3__k04__b008b,picture,P3,P7|P5|P8|PO4,250,400,Picture,own - unfamiliar,-0.83055750926947247,0.2341157935168903,-1.2991911864667676,-0.36192383207217732,-3.5476355387768908,58,0.00077751280311839997,0.0041384859803560003,Cohen_dz_group_equal,-0.45901895670166659,True
picture_P3__k04__b008b,picture,P3,P7|P5|P8|PO4,250,400,Group_x_Compatibility,compatibility effect in high - compatibility effect in low,1.4657168667025322,0.4296250595189976,0.60572887343641713,2.3257048599686474,3.411618652653849,58,0.001182424565816,0.0041384859803560003,Hedges_g,0.87137474303223517,True
picture_P3__k04__b008b,picture,P3,P7|P5|P8|PO4,250,400,Group_x_Picture,picture effect in high - picture effect in low,1.14373548958975,0.46823158703378059,0.2064681351951598,2.08100284398434,2.4426705101961335,58,0.0176462065752956,0.0324739994442029,Hedges_g,0.62389194245929436,True
picture_P3__k04__b008b,picture,P3,P7|P5|P8|PO4,250,400,Compatibility_x_Picture,compatibility-by-picture difference-in-differences,-0.25156786921206092,0.29305795932278128,-0.83818711025639558,0.33505137183227368,-0.85842360259861716,58,0.39419232294174189,0.4598910434320323,Cohen_dz_group_equal,-0.11106910565248,True
picture_P3__k04__b008b,picture,P3,P7|P5|P8|PO4,250,400,Group_x_Compatibility_x_Picture,compatibility-by-picture interaction in high - low,-1.4198910558909048,0.58611591864556256,-2.593129537979574,-0.2466525738022356,-2.4225430682246061,58,0.0185565711109731,0.0324739994442029,Hedges_g,-0.61875111449418996,True
word_P3__k04__b00e8,word,P3,P5|PO7|PO5|PO3,280,400,Intercept,equal-weight grand mean,1.6962387793352016,0.3515622395701824,0.99251049762231158,2.3999670610480917,4.8248605464824994,58,1.0552317605621033e-05,,none,,False
word_P3__k04__b00e8,word,P3,P5|PO7|PO5|PO3,280,400,Group,high - low,0.69359403956863519,0.7031244791403648,-0.7138625238571451,2.1010506029944156,0.98644558701272722,58,0.32801186203432497,0.38268050570671258,Hedges_g,0.25195189070438828,True
word_P3__k04__b00e8,word,P3,P5|PO7|PO5|PO3,280,400,Compatibility,compatible - incompatible,0.85678076576406126,0.3225731219335668,0.21108050767432751,1.5024810238537949,2.6560823190362188,58,0.0101920015352113,0.046373804105813397,Cohen_dz_group_equal,0.34366329958969971,True
word_P3__k04__b00e8,word,P3,P5|PO7|PO5|PO3,280,400,Word,positive - negative,0.57168788941373228,0.2387083877993593,0.093861135943633295,1.0495146428838311,2.3949216643960196,58,0.01987448747392,0.046373804105813397,Cohen_dz_group_equal,0.30987242961048012,True
word_P3__k04__b00e8,word,P3,P5|PO7|PO5|PO3,280,400,Group_x_Compatibility,compatibility effect in high - compatibility effect in low,1.6208924342806386,0.64514624386713382,0.32949191810117079,2.9122929504601061,2.5124418683191729,58,0.0147932083433334,0.046373804105813397,Hedges_g,0.64171251546155039,True
word_P3__k04__b00e8,word,P3,P5|PO7|PO5|PO3,280,400,Group_x_Word,word effect in high - word effect in low,-0.8912717904281906,0.4774167755987187,-1.8469252973683885,0.064381716512007095,-1.8668631602030841,58,0.066977875132078396,0.093769025184909802,Hedges_g,-0.47682275544861841,True
word_P3__k04__b00e8,word,P3,P5|PO7|PO5|PO3,280,400,Compatibility_x_Word,compatibility-by-word difference-in-differences,0.36090370148426848,0.50377713793633716,-0.64751580363554362,1.3693232066040806,0.71639555332476468,58,0.47662191668914139,0.47662191668914139,Cohen_dz_group_equal,0.092692480915392797,True
word_P3__k04__b00e8,word,P3,P5|PO7|PO5|PO3,280,400,Group_x_Compatibility_x_Word,compatibility-by-word interaction in high - low,-2.0218717640436759,1.0075542758726743,-4.0387107742833006,-0.0050327538040511001,-2.0067125041898799,58,0.049449584666628403,0.086536773166599704,Hedges_g,-0.51254221843283154,True
picture_LPP__k05__b011d,picture,LPP,P7|P6|P8|PO7|PO6,400,500,Intercept,equal-weight grand mean,5.0072290994945279,0.52839115386525048,3.9495392883347806,6.0649189106542751,9.4763681467147798,58,2.191356474279895e-13,,none,,False
picture_LPP__k05__b011d,picture,LPP,P7|P6|P8|PO7|PO6,400,500,Group,high - low,-0.055152786638404297,1.056782307730501,-2.1705324089578988,2.0602268356810902,-0.052189354642819499,58,0.95855715014392284,0.95855715014392284,Hedges_g,-0.013329885347978901,True
picture_LPP__k05__b011d,picture,LPP,P7|P6|P8|PO7|PO6,400,500,Compatibility,compatible - incompatible,0.51363284496890937,0.30020632401564812,-0.087295402664183203,1.114561092602002,1.710932794813931,58,0.092437510476260906,0.21568752444460881,Cohen_dz_group_equal,0.2213729617594597,True
picture_LPP__k05__b011d,picture,LPP,P7|P6|P8|PO7|PO6,400,500,Picture,own - unfamiliar,-0.79458364675456195,0.30562788869190632,-1.4063643351915447,-0.18280295831757909,-2.5998401198116978,58,0.011810466861172099,0.0413366340141023,Cohen_dz_group_equal,-0.33638627371472879,True
picture_LPP__k05__b011d,picture,LPP,P7|P6|P8|PO7|PO6,400,500,Group_x_Compatibility,compatibility effect in high - compatibility effect in low,1.9990660978377124,0.60041264803129624,0.79720960257152718,3.2009225931038978,3.329486985979536,58,0.0015164687651055,0.010615281355738601,Hedges_g,0.85039717571606765,True
picture_LPP__k05__b011d,picture,LPP,P7|P6|P8|PO7|PO6,400,500,Group_x_Picture,picture effect in high - picture effect in low,0.26306736805494541,0.61125577738381265,-0.96049400881902036,1.4866287449289111,0.43037199448793628,58,0.66852007868439334,0.83660953947237315,Hedges_g,0.1099229791739693,True
picture_LPP__k05__b011d,picture,LPP,P7|P6|P8|PO7|PO6,400,500,Compatibility_x_Picture,compatibility-by-picture difference-in-differences,-0.1455769182333374,0.39980685721351911,-0.94587729459879644,0.65472345813212163,-0.36411811255050891,58,0.71709389097631981,0.83660953947237315,Cohen_dz_group_equal,-0.047112256688221603,True
picture_LPP__k05__b011d,picture,LPP,P7|P6|P8|PO7|PO6,400,500,Group_x_Compatibility_x_Picture,compatibility-by-picture interaction in high - low,-0.75968073753101439,0.79961371442703832,-2.3602814902619325,0.84092001519990367,-0.95005966484124438,58,0.34602412893404799,0.60554222563458415,Hedges_g,-0.2426584212958115,True
